<?xml version="1.0" encoding="UTF-8"?>
<project-private xmlns="http://www.netbeans.org/ns/project-private/1">
    <editor-bookmarks xmlns="http://www.netbeans.org/ns/editor-bookmarks/2" lastBookmarkId="0"/>
    <open-files xmlns="http://www.netbeans.org/ns/projectui-open-files/2">
        <group>
            <file>file:/H:/Algoritmos%202/Obligatorio/Obligatorio/src/obligatorio/Datacenter.java</file>
            <file>file:/H:/Algoritmos%202/Obligatorio/Obligatorio/src/obligatorio/Sistema.java</file>
            <file>file:/H:/Algoritmos%202/Obligatorio/Obligatorio/src/obligatorio/Punto.java</file>
            <file>file:/H:/Algoritmos%202/Obligatorio/Obligatorio/src/obligatorio/Ciudad.java</file>
            <file>file:/H:/Algoritmos%202/Obligatorio/Obligatorio/src/obligatorio/Arboles/EmpresaAB.java</file>
        </group>
    </open-files>
</project-private>
